Workbook

Sheet iris
A1: Sepal.Length | B1: Sepal.Width | C1: Petal.Length | D1: Petal.Width | E1: Species
A2: 5.1 | B2: 3.5 | C2: 1.4 | D2: 0.2 | E2: setosa
A3: 4.9 | B3: 3 | C3: 1.4 | D3: 0.2 | E3: setosa
A4: 4.7 | B4: 3.2 | C4: 1.3 | D4: 0.2 | E4: setosa
A5: 4.6 | B5: 3.1 | C5: 1.5 | D5: 0.2 | E5: setosa
A6: 5 | B6: 3.6 | C6: 1.4 | D6: 0.2 | E6: setosa
A7: 5.4 | B7: 3.9 | C7: 1.7 | D7: 0.4 | E7: setosa
A8: 4.6 | B8: 3.4 | C8: 1.4 | D8: 0.3 | E8: setosa
A9: 5 | B9: 3.4 | C9: 1.5 | D9: 0.2 | E9: setosa
A10: 4.4 | B10: 2.9 | C10: 1.4 | D10: 0.2 | E10: setosa
A11: 4.9 | B11: 3.1 | C11: 1.5 | D11: 0.1 | E11: setosa
A12: 5.4 | B12: 3.7 | C12: 1.5 | D12: 0.2 | E12: setosa
A13: 4.8 | B13: 3.4 | C13: 1.6 | D13: 0.2 | E13: setosa
A14: 4.8 | B14: 3 | C14: 1.4 | D14: 0.1 | E14: setosa
A15: 4.3 | B15: 3 | C15: 1.1 | D15: 0.1 | E15: setosa
A16: 5.8 | B16: 4 | C16: 1.2 | D16: 0.2 | E16: setosa
A17: 5.7 | B17: 4.4 | C17: 1.5 | D17: 0.4 | E17: setosa
A18: 5.4 | B18: 3.9 | C18: 1.3 | D18: 0.4 | E18: setosa
A19: 5.1 | B19: 3.5 | C19: 1.4 | D19: 0.3 | E19: setosa
A20: 5.7 | B20: 3.8 | C20: 1.7 | D20: 0.3 | E20: setosa
A21: 5.1 | B21: 3.8 | C21: 1.5 | D21: 0.3 | E21: setosa
A22: 5.4 | B22: 3.4 | C22: 1.7 | D22: 0.2 | E22: setosa
A23: 5.1 | B23: 3.7 | C23: 1.5 | D23: 0.4 | E23: setosa
A24: 4.6 | B24: 3.6 | C24: 1 | D24: 0.2 | E24: setosa
A25: 5.1 | B25: 3.3 | C25: 1.7 | D25: 0.5 | E25: setosa
A26: 4.8 | B26: 3.4 | C26: 1.9 | D26: 0.2 | E26: setosa
A27: 5 | B27: 3 | C27: 1.6 | D27: 0.2 | E27: setosa
A28: 5 | B28: 3.4 | C28: 1.6 | D28: 0.4 | E28: setosa
A29: 5.2 | B29: 3.5 | C29: 1.5 | D29: 0.2 | E29: setosa
A30: 5.2 | B30: 3.4 | C30: 1.4 | D30: 0.2 | E30: setosa
A31: 4.7 | B31: 3.2 | C31: 1.6 | D31: 0.2 | E31: setosa
A32: 4.8 | B32: 3.1 | C32: 1.6 | D32: 0.2 | E32: setosa
A33: 5.4 | B33: 3.4 | C33: 1.5 | D33: 0.4 | E33: setosa
A34: 5.2 | B34: 4.1 | C34: 1.5 | D34: 0.1 | E34: setosa
A35: 5.5 | B35: 4.2 | C35: 1.4 | D35: 0.2 | E35: setosa
A36: 4.9 | B36: 3.1 | C36: 1.5 | D36: 0.2 | E36: setosa
A37: 5 | B37: 3.2 | C37: 1.2 | D37: 0.2 | E37: setosa
A38: 5.5 | B38: 3.5 | C38: 1.3 | D38: 0.2 | E38: setosa
A39: 4.9 | B39: 3.6 | C39: 1.4 | D39: 0.1 | E39: setosa
A40: 4.4 | B40: 3 | C40: 1.3 | D40: 0.2 | E40: setosa
A41: 5.1 | B41: 3.4 | C41: 1.5 | D41: 0.2 | E41: setosa
A42: 5 | B42: 3.5 | C42: 1.3 | D42: 0.3 | E42: setosa
A43: 4.5 | B43: 2.3 | C43: 1.3 | D43: 0.3 | E43: setosa
A44: 4.4 | B44: 3.2 | C44: 1.3 | D44: 0.2 | E44: setosa
A45: 5 | B45: 3.5 | C45: 1.6 | D45: 0.6 | E45: setosa
A46: 5.1 | B46: 3.8 | C46: 1.9 | D46: 0.4 | E46: setosa
A47: 4.8 | B47: 3 | C47: 1.4 | D47: 0.3 | E47: setosa
A48: 5.1 | B48: 3.8 | C48: 1.6 | D48: 0.2 | E48: setosa
A49: 4.6 | B49: 3.2 | C49: 1.4 | D49: 0.2 | E49: setosa
A50: 5.3 | B50: 3.7 | C50: 1.5 | D50: 0.2 | E50: setosa
A51: 5 | B51: 3.3 | C51: 1.4 | D51: 0.2 | E51: setosa
A52: 7 | B52: 3.2 | C52: 4.7 | D52: 1.4 | E52: versicolor
A53: 6.4 | B53: 3.2 | C53: 4.5 | D53: 1.5 | E53: versicolor
A54: 6.9 | B54: 3.1 | C54: 4.9 | D54: 1.5 | E54: versicolor
A55: 5.5 | B55: 2.3 | C55: 4 | D55: 1.3 | E55: versicolor
A56: 6.5 | B56: 2.8 | C56: 4.6 | D56: 1.5 | E56: versicolor
A57: 5.7 | B57: 2.8 | C57: 4.5 | D57: 1.3 | E57: versicolor
A58: 6.3 | B58: 3.3 | C58: 4.7 | D58: 1.6 | E58: versicolor
A59: 4.9 | B59: 2.4 | C59: 3.3 | D59: 1 | E59: versicolor
A60: 6.6 | B60: 2.9 | C60: 4.6 | D60: 1.3 | E60: versicolor
A61: 5.2 | B61: 2.7 | C61: 3.9 | D61: 1.4 | E61: versicolor
A62: 5 | B62: 2 | C62: 3.5 | D62: 1 | E62: versicolor
A63: 5.9 | B63: 3 | C63: 4.2 | D63: 1.5 | E63: versicolor
A64: 6 | B64: 2.2 | C64: 4 | D64: 1 | E64: versicolor
A65: 6.1 | B65: 2.9 | C65: 4.7 | D65: 1.4 | E65: versicolor
A66: 5.6 | B66: 2.9 | C66: 3.6 | D66: 1.3 | E66: versicolor
A67: 6.7 | B67: 3.1 | C67: 4.4 | D67: 1.4 | E67: versicolor
A68: 5.6 | B68: 3 | C68: 4.5 | D68: 1.5 | E68: versicolor
A69: 5.8 | B69: 2.7 | C69: 4.1 | D69: 1 | E69: versicolor
A70: 6.2 | B70: 2.2 | C70: 4.5 | D70: 1.5 | E70: versicolor
A71: 5.6 | B71: 2.5 | C71: 3.9 | D71: 1.1 | E71: versicolor
A72: 5.9 | B72: 3.2 | C72: 4.8 | D72: 1.8 | E72: versicolor
A73: 6.1 | B73: 2.8 | C73: 4 | D73: 1.3 | E73: versicolor
A74: 6.3 | B74: 2.5 | C74: 4.9 | D74: 1.5 | E74: versicolor
A75: 6.1 | B75: 2.8 | C75: 4.7 | D75: 1.2 | E75: versicolor
A76: 6.4 | B76: 2.9 | C76: 4.3 | D76: 1.3 | E76: versicolor
A77: 6.6 | B77: 3 | C77: 4.4 | D77: 1.4 | E77: versicolor
A78: 6.8 | B78: 2.8 | C78: 4.8 | D78: 1.4 | E78: versicolor
A79: 6.7 | B79: 3 | C79: 5 | D79: 1.7 | E79: versicolor
A80: 6 | B80: 2.9 | C80: 4.5 | D80: 1.5 | E80: versicolor
A81: 5.7 | B81: 2.6 | C81: 3.5 | D81: 1 | E81: versicolor
A82: 5.5 | B82: 2.4 | C82: 3.8 | D82: 1.1 | E82: versicolor
A83: 5.5 | B83: 2.4 | C83: 3.7 | D83: 1 | E83: versicolor
A84: 5.8 | B84: 2.7 | C84: 3.9 | D84: 1.2 | E84: versicolor
A85: 6 | B85: 2.7 | C85: 5.1 | D85: 1.6 | E85: versicolor
A86: 5.4 | B86: 3 | C86: 4.5 | D86: 1.5 | E86: versicolor
A87: 6 | B87: 3.4 | C87: 4.5 | D87: 1.6 | E87: versicolor
A88: 6.7 | B88: 3.1 | C88: 4.7 | D88: 1.5 | E88: versicolor
A89: 6.3 | B89: 2.3 | C89: 4.4 | D89: 1.3 | E89: versicolor
A90: 5.6 | B90: 3 | C90: 4.1 | D90: 1.3 | E90: versicolor
A91: 5.5 | B91: 2.5 | C91: 4 | D91: 1.3 | E91: versicolor
A92: 5.5 | B92: 2.6 | C92: 4.4 | D92: 1.2 | E92: versicolor
A93: 6.1 | B93: 3 | C93: 4.6 | D93: 1.4 | E93: versicolor
A94: 5.8 | B94: 2.6 | C94: 4 | D94: 1.2 | E94: versicolor
A95: 5 | B95: 2.3 | C95: 3.3 | D95: 1 | E95: versicolor
A96: 5.6 | B96: 2.7 | C96: 4.2 | D96: 1.3 | E96: versicolor
A97: 5.7 | B97: 3 | C97: 4.2 | D97: 1.2 | E97: versicolor
A98: 5.7 | B98: 2.9 | C98: 4.2 | D98: 1.3 | E98: versicolor
A99: 6.2 | B99: 2.9 | C99: 4.3 | D99: 1.3 | E99: versicolor
A100: 5.1 | B100: 2.5 | C100: 3 | D100: 1.1 | E100: versicolor
...

Sheet Análise do Dataset Iris
B2: Análise do Conjunto de Dados Iris
B3: Categorias Unicas: | D3: {=_xlfn.UNIQUE(iris!E2:E151)} -> setosa | F3: {=(TRANSPOSE(iris!A1:E1))} -> Sepal.Length | G3: =(_xlfn.TRANSLATE(F3)) -> Sepal.Comprimento
D4: versicolor | F4: Sepal.Width | G4: =(_xlfn.TRANSLATE(F4)) -> Sepal.Width
D5: virginica | F5: Petal.Length | G5: =(_xlfn.TRANSLATE(F5)) -> Pétala. Comprimento
B6: Frequência Absoluta: | C6: setosa | D6: =COUNTIF(iris!E2:E151,'Análise do Dataset Iris'!C6) -> 50 | F6: Petal.Width | G6: =(_xlfn.TRANSLATE(F6)) -> Pétala. Largura
C7: versicolor | D7: =COUNTIF(iris!E2:E151,'Análise do Dataset Iris'!C7) -> 50 | F7: Species | G7: =(_xlfn.TRANSLATE(F7)) -> Espécies
C8: virginica | D8: =COUNTIF(iris!E2:E153,'Análise do Dataset Iris'!C8) -> 50
B9: Total de Linhas: | D9: =(COUNTA(iris!E1:E150)) -> 150
B10: Frequência Relativa: | C10: setosa | D10: =D6/$D$9 -> 0.33333333
C11: versicolor | D11: =D7/$D$9 -> 0.33333333
C12: virginica | D12: =D8/$D$9 -> 0.33333333
B13: Frequência Relativa (em porcentagem %): | C13: setosa | D13: =D10 -> 0.33333333
C14: versicolor | D14: =D11 -> 0.33333333
C15: virginica | D15: =D12 -> 0.33333333
B16: Média Total | C16: {=TRANSPOSE(iris!$A$1:'iris'!$D$1)} -> Sepal.Length | D16: =(AVERAGE(iris!A2:A151)) -> 5.4705882 | E16: Fórmula: AVERAGE = Média.
C17: Sepal.Width | D17: =(AVERAGE(iris!B2:B151)) -> 3
C18: Petal.Length | D18: =(AVERAGE(iris!C2:C151)) -> 4.3076923
C19: Petal.Width | D19: =(AVERAGE(iris!D2:D151)) -> 1.4615385
B20: Média | D20: =AVERAGEIF(iris!E2:E151,"setosa",iris!C2:C151) -> 1
D21: =AVERAGEIF(iris!E2:E151,"versicolor",iris!C2:C151) -> 4
D22: =AVERAGEIF(iris!E2:E151,"virginica",iris!C2:C151) -> 5.4
B23: Mediana Total | C23: {=TRANSPOSE(iris!$A$1:'iris'!$D$1)} -> Sepal.Length | D23: =(MEDIAN(iris!A2:A151)) -> 5 | E23: Fórmula: MEDIAN = Mediana.
C24: Sepal.Width | D24: =(MEDIAN(iris!B2:B151)) -> 3
C25: Petal.Length | D25: =(MEDIAN(iris!C2:C151)) -> 4
C26: Petal.Width | D26: =(MEDIAN(iris!D2:D151)) -> 1
B31: Desvio padrão Total | C31: {=TRANSPOSE(iris!$A$1:'iris'!$D$1)} -> Sepal.Length | D31: =(_xlfn.STDEV.S(iris!A2:A151)) -> 0.62426427 | E31: Fórmula: STDEV.S ST → Standard DEV → Deviation S → Sample Standard Deviation (Sample) Desvio padrão amostral
C32: Sepal.Width | D32: =(_xlfn.STDEV.S(iris!B2:B151)) -> 0.27216553
C33: Petal.Length | D33: =(_xlfn.STDEV.S(iris!C2:C151)) -> 1.315587
C34: Petal.Width | D34: =(_xlfn.STDEV.S(iris!D2:D151)) -> 0.51887452
B35: Variância Total | C35: {=TRANSPOSE(iris!$A$1:'iris'!$D$1)} -> Sepal.Length | D35: =(_xlfn.VAR.S(iris!A2:A151)) -> 0.38970588 | E35: Fórmula: VAR.S VAR → Variance S → Sample Variância amostral
C36: Sepal.Width | D36: =(_xlfn.VAR.S(iris!B2:B151)) -> 0.074074074
C37: Petal.Length | D37: =(_xlfn.VAR.S(iris!C2:C151)) -> 1.7307692
C38: Petal.Width | D38: =(_xlfn.VAR.S(iris!D2:D151)) -> 0.26923077
